{"doc_id": "3151f9eb-69b9-4c9c-ab0d-0ff99ade495c", "doc_name": "plantas", "doc_version": "10d5b7406990da16676a631c77544a47", "format": "tf_lite", "version": 35, "inputs": {"Image": {"dtype": "float32", "shape": [null, 224, 224, 3], "name": "Image"}}, "outputs": {"Confidences": {"dtype": "float32", "shape": [null, 5], "name": "3151f9eb-69b9-4c9c-ab0d-0ff99ade495c.5de04f00-87de-494d-ac54-3261a2c9e81c/dense_2/Softmax"}}, "tags": [], "classes": {"Label": ["astromelia", "clavel", "girasol", "rosas", "tulipanes"]}, "filename": "saved_model.tflite", "export_model_version": 1}